+0.0ns;STA;0;0.4;0.4;-0.3
+0.0ns;STA;1;1.2;0.4;-0.3
+0.0ns;STA;2;2;0.4;-0.3
+0.0ns;STA;3;2.8;0.4;-0.3
+0.0ns;STA;4;3.6;0.4;-0.3
+0.0ns;STA;5;4.4;0.4;-0.3
+0.0ns;STA;6;5.2;0.4;-0.3
+0.0ns;STA;7;6;0.4;-0.3
+0.0ns;STA;8;6.8;0.4;-0.3
+0.0ns;STA;9;7.6;0.4;-0.3
+0.0ns;STA;10;8.4;0.4;-0.3
+0.0ns;STA;11;9.2;0.4;-0.3
+0.0ns;STA;12;10;0.4;-0.3
+0.0ns;STA;13;10.8;0.4;-0.3
+0.0ns;STA;14;11.6;0.4;-0.3
+0.0ns;STA;15;0.4;1.2;-0.3
+0.0ns;STA;16;1.2;1.2;-0.3
+0.0ns;STA;17;2;1.2;-0.3
+0.0ns;STA;18;2.8;1.2;-0.3
+0.0ns;STA;19;3.6;1.2;-0.3
+0.0ns;STA;20;4.4;1.2;-0.3
+0.0ns;STA;21;5.2;1.2;-0.3
+0.0ns;STA;22;6;1.2;-0.3
+0.0ns;STA;23;6.8;1.2;-0.3
+0.0ns;STA;24;7.6;1.2;-0.3
+0.0ns;STA;25;8.4;1.2;-0.3
+0.0ns;STA;26;9.2;1.2;-0.3
+0.0ns;STA;27;10;1.2;-0.3
+0.0ns;STA;28;10.8;1.2;-0.3
+0.0ns;STA;29;11.6;1.2;-0.3
+0.0ns;STA;30;0.4;2;-0.3
+0.0ns;STA;31;1.2;2;-0.3
+0.0ns;STA;32;2;2;-0.3
+0.0ns;STA;33;2.8;2;-0.3
+0.0ns;STA;34;3.6;2;-0.3
+0.0ns;STA;35;4.4;2;-0.3
+0.0ns;STA;36;5.2;2;-0.3
+0.0ns;STA;37;6;2;-0.3
+0.0ns;STA;38;6.8;2;-0.3
+0.0ns;STA;39;7.6;2;-0.3
+0.0ns;STA;40;8.4;2;-0.3
+0.0ns;STA;41;9.2;2;-0.3
+0.0ns;STA;42;10;2;-0.3
+0.0ns;STA;43;10.8;2;-0.3
+0.0ns;STA;44;11.6;2;-0.3
+0.0ns;STA;45;0.4;2.8;-0.3
+0.0ns;STA;46;1.2;2.8;-0.3
+0.0ns;STA;47;2;2.8;-0.3
+0.0ns;STA;48;2.8;2.8;-0.3
+0.0ns;STA;49;3.6;2.8;-0.3
+0.0ns;STA;50;4.4;2.8;-0.3
+0.0ns;STA;51;5.2;2.8;-0.3
+0.0ns;STA;52;6;2.8;-0.3
+0.0ns;STA;53;6.8;2.8;-0.3
+0.0ns;STA;54;7.6;2.8;-0.3
+0.0ns;STA;55;8.4;2.8;-0.3
+0.0ns;STA;56;9.2;2.8;-0.3
+0.0ns;STA;57;10;2.8;-0.3
+0.0ns;STA;58;10.8;2.8;-0.3
+0.0ns;STA;59;11.6;2.8;-0.3
+0.0ns;STA;60;0.4;3.6;-0.3
+0.0ns;STA;61;1.2;3.6;-0.3
+0.0ns;STA;62;2;3.6;-0.3
+0.0ns;STA;63;2.8;3.6;-0.3
+0.0ns;STA;64;3.6;3.6;-0.3
+0.0ns;STA;65;4.4;3.6;-0.3
+0.0ns;STA;66;5.2;3.6;-0.3
+0.0ns;STA;67;6;3.6;-0.3
+0.0ns;STA;68;6.8;3.6;-0.3
+0.0ns;STA;69;7.6;3.6;-0.3
+0.0ns;STA;70;8.4;3.6;-0.3
+0.0ns;STA;71;9.2;3.6;-0.3
+0.0ns;STA;72;10;3.6;-0.3
+0.0ns;STA;73;10.8;3.6;-0.3
+0.0ns;STA;74;11.6;3.6;-0.3
+0.0ns;STA;75;0.4;4.4;-0.3
+0.0ns;STA;76;1.2;4.4;-0.3
+0.0ns;STA;77;2;4.4;-0.3
+0.0ns;STA;78;2.8;4.4;-0.3
+0.0ns;STA;79;3.6;4.4;-0.3
+0.0ns;STA;80;4.4;4.4;-0.3
+0.0ns;STA;81;5.2;4.4;-0.3
+0.0ns;STA;82;6;4.4;-0.3
+0.0ns;STA;83;6.8;4.4;-0.3
+0.0ns;STA;84;7.6;4.4;-0.3
+0.0ns;STA;85;8.4;4.4;-0.3
+0.0ns;STA;86;9.2;4.4;-0.3
+0.0ns;STA;87;10;4.4;-0.3
+0.0ns;STA;88;10.8;4.4;-0.3
+0.0ns;STA;89;11.6;4.4;-0.3
+0.0ns;STA;90;0.4;5.2;-0.3
+0.0ns;STA;91;1.2;5.2;-0.3
+0.0ns;STA;92;2;5.2;-0.3
+0.0ns;STA;93;2.8;5.2;-0.3
+0.0ns;STA;94;3.6;5.2;-0.3
+0.0ns;STA;95;4.4;5.2;-0.3
+0.0ns;STA;96;5.2;5.2;-0.3
+0.0ns;STA;97;6;5.2;-0.3
+0.0ns;STA;98;6.8;5.2;-0.3
+0.0ns;STA;99;7.6;5.2;-0.3
+0.0ns;STA;100;8.4;5.2;-0.3
+0.0ns;STA;101;9.2;5.2;-0.3
+0.0ns;STA;102;10;5.2;-0.3
+0.0ns;STA;103;10.8;5.2;-0.3
+0.0ns;STA;104;11.6;5.2;-0.3
+0.0ns;STA;105;0.4;6;-0.3
+0.0ns;STA;106;1.2;6;-0.3
+0.0ns;STA;107;2;6;-0.3
+0.0ns;STA;108;2.8;6;-0.3
+0.0ns;STA;109;3.6;6;-0.3
+0.0ns;STA;110;4.4;6;-0.3
+0.0ns;STA;111;5.2;6;-0.3
+0.0ns;STA;112;6;6;-0.3
+0.0ns;STA;113;6.8;6;-0.3
+0.0ns;STA;114;7.6;6;-0.3
+0.0ns;STA;115;8.4;6;-0.3
+0.0ns;STA;116;9.2;6;-0.3
+0.0ns;STA;117;10;6;-0.3
+0.0ns;STA;118;10.8;6;-0.3
+0.0ns;STA;119;11.6;6;-0.3
+0.0ns;STA;120;0.4;6.8;-0.3
+0.0ns;STA;121;1.2;6.8;-0.3
+0.0ns;STA;122;2;6.8;-0.3
+0.0ns;STA;123;2.8;6.8;-0.3
+0.0ns;STA;124;3.6;6.8;-0.3
+0.0ns;STA;125;4.4;6.8;-0.3
+0.0ns;STA;126;5.2;6.8;-0.3
+0.0ns;STA;127;6;6.8;-0.3
+0.0ns;STA;128;6.8;6.8;-0.3
+0.0ns;STA;129;7.6;6.8;-0.3
+0.0ns;STA;130;8.4;6.8;-0.3
+0.0ns;STA;131;9.2;6.8;-0.3
+0.0ns;STA;132;10;6.8;-0.3
+0.0ns;STA;133;10.8;6.8;-0.3
+0.0ns;STA;134;11.6;6.8;-0.3
+0.0ns;STA;135;0.4;7.6;-0.3
+0.0ns;STA;136;1.2;7.6;-0.3
+0.0ns;STA;137;2;7.6;-0.3
+0.0ns;STA;138;2.8;7.6;-0.3
+0.0ns;STA;139;3.6;7.6;-0.3
+0.0ns;STA;140;4.4;7.6;-0.3
+0.0ns;STA;141;5.2;7.6;-0.3
+0.0ns;STA;142;6;7.6;-0.3
+0.0ns;STA;143;6.8;7.6;-0.3
+0.0ns;STA;144;7.6;7.6;-0.3
+0.0ns;STA;145;8.4;7.6;-0.3
+0.0ns;STA;146;9.2;7.6;-0.3
+0.0ns;STA;147;10;7.6;-0.3
+0.0ns;STA;148;10.8;7.6;-0.3
+0.0ns;STA;149;11.6;7.6;-0.3
+0.0ns;STA;150;0.4;8.4;-0.3
+0.0ns;STA;151;1.2;8.4;-0.3
+0.0ns;STA;152;2;8.4;-0.3
+0.0ns;STA;153;2.8;8.4;-0.3
+0.0ns;STA;154;3.6;8.4;-0.3
+0.0ns;STA;155;4.4;8.4;-0.3
+0.0ns;STA;156;5.2;8.4;-0.3
+0.0ns;STA;157;6;8.4;-0.3
+0.0ns;STA;158;6.8;8.4;-0.3
+0.0ns;STA;159;7.6;8.4;-0.3
+0.0ns;STA;160;8.4;8.4;-0.3
+0.0ns;STA;161;9.2;8.4;-0.3
+0.0ns;STA;162;10;8.4;-0.3
+0.0ns;STA;163;10.8;8.4;-0.3
+0.0ns;STA;164;11.6;8.4;-0.3
+0.0ns;STA;165;0.4;9.2;-0.3
+0.0ns;STA;166;1.2;9.2;-0.3
+0.0ns;STA;167;2;9.2;-0.3
+0.0ns;STA;168;2.8;9.2;-0.3
+0.0ns;STA;169;3.6;9.2;-0.3
+0.0ns;STA;170;4.4;9.2;-0.3
+0.0ns;STA;171;5.2;9.2;-0.3
+0.0ns;STA;172;6;9.2;-0.3
+0.0ns;STA;173;6.8;9.2;-0.3
+0.0ns;STA;174;7.6;9.2;-0.3
+0.0ns;STA;175;8.4;9.2;-0.3
+0.0ns;STA;176;9.2;9.2;-0.3
+0.0ns;STA;177;10;9.2;-0.3
+0.0ns;STA;178;10.8;9.2;-0.3
+0.0ns;STA;179;11.6;9.2;-0.3
+0.0ns;STA;180;0.4;10;-0.3
+0.0ns;STA;181;1.2;10;-0.3
+0.0ns;STA;182;2;10;-0.3
+0.0ns;STA;183;2.8;10;-0.3
+0.0ns;STA;184;3.6;10;-0.3
+0.0ns;STA;185;4.4;10;-0.3
+0.0ns;STA;186;5.2;10;-0.3
+0.0ns;STA;187;6;10;-0.3
+0.0ns;STA;188;6.8;10;-0.3
+0.0ns;STA;189;7.6;10;-0.3
+0.0ns;STA;190;8.4;10;-0.3
+0.0ns;STA;191;9.2;10;-0.3
+0.0ns;STA;192;10;10;-0.3
+0.0ns;STA;193;10.8;10;-0.3
+0.0ns;STA;194;11.6;10;-0.3
+0.0ns;STA;195;0.4;10.8;-0.3
+0.0ns;STA;196;1.2;10.8;-0.3
+0.0ns;STA;197;2;10.8;-0.3
+0.0ns;STA;198;2.8;10.8;-0.3
+0.0ns;STA;199;3.6;10.8;-0.3
+0.0ns;STA;200;6;6;2
+0.0ns;AP;200;6;6;2
